Date,pH,Temp,Alkalanity (mol/L),Ammonia (g N / L),Nitrite (mg N/L),Nitrate (mg N/L),BOD (mg/L),TKN(mg /L),XTSS(mg / L)
1/6/2013,7.1,54,0.000753111,0.000084,0.009130435,1.721548387,1.7,1.09,2
1/13/2013,7.1,55,,4.39E-05,0.006086957,1.512451613,2,1.7,2
1/20/2013,7.2,56,,3.23E-05,0.003043478,0.875451613,2,1.19,1.3
1/27/2013,7,58,,1.83E-03,0.094347826,1.918225806,8.7,4.29,3
2/3/2013,7.1,62,0.000884086,1.05E-04,0.009130435,1.390290323,2.3,1.76,2
2/10/2013,6.8,61,,1.02E-04,0.009130435,1.981225806,2.3,1.69,3
2/17/2013,6.9,62,,5.37E-05,0.003043478,1.392774194,2,1.32,2.3
2/24/2013,6.9,60,,7.00E-05,0.003043478,1.74683871,2,1.4,2.3
3/3/2013,6.9,61,0.000785855,6.65E-05,0.003043478,1.285290323,4,1.71,3.3
3/10/2013,6.9,60,,8.52E-05,0.003043478,1.029451613,2.7,2.88,2.7
3/17/2013,6.7,60,,1.53E-04,0.003043478,1.010032258,4.3,2.22,3.3
3/24/2013,7,55,,3.81E-05,0.003043478,0.599290323,1.7,1.1,2
3/31/2013,6.7,59,,2.39E-03,0.07,1.645903226,6.7,6.07,2.3
4/7/2013,6.6,61,0.00099869,1.20E-04,0.003043478,1.374483871,4.7,1.87,3.3
4/14/2013,6.7,64,,5.37E-05,0.003043478,0.517774194,3.3,1.8,2.3
4/21/2013,6.4,65,,5.06E-05,0.003043478,0.91,3,1.84,2
4/28/2013,6.7,65,,6.26E-05,0.003043478,0.729129032,3.3,2.13,2
5/5/2013,6.5,66,0.000720367,3.89E-05,0.003043478,1.677290323,4.7,2.07,2.3
5/12/2013,6.7,68,,5.99E-05,0.003043478,1.869677419,4,1.64,2
5/19/2013,6.3,64,,7.27E-05,0.003043478,1.107580645,6.1,1.65,1
5/26/2013,6.6,67,,6.84E-05,0.003043478,0.519354839,2.1,1.65,1.9
6/2/2013,6.3,67,,4.12E-05,0.003043478,0.683967742,6.3,1.71,2
6/9/2013,6.7,69,0.001064178,8.21E-05,0.003043478,0.670419355,2.7,1.58,2
6/16/2013,6.4,66,,5.95E-05,0.003043478,1.064677419,4,2.15,4.3
6/23/2013,6.4,66,,8.48E-05,0.003043478,1.027645161,2,2.54,5.2
6/30/2013,6.4,71,,8.79E-05,0.009130435,0.597483871,5.7,1.67,9.3
7/7/2013,6.8,72,0.001096922,7.78E-05,0.003043478,0.367274194,3.3,1.79,9.7
7/14/2013,6.3,74,,4.86E-05,0.003043478,0.691645161,6.3,1.87,9.7
7/21/2013,6.7,75,,1.14E-04,0.003043478,0.459741935,4,1.56,5.7
7/28/2013,6.3,74,,1.03E-04,0.003043478,0.394258065,5.3,1.57,5.7
8/4/2013,6.8,73,0.001506221,4.36E-05,0.003043478,0.368967742,3.3,1.43,5.3
8/11/2013,6.3,72,,4.74E-05,0.003043478,0.736354839,6.3,1.57,3
8/18/2013,6.5,72,,4.63E-05,0.003043478,1.084096774,3.3,1.6,4.3
8/25/2013,6.3,71,0.001015062,1.30E-04,0.006086957,1.171032258,6.3,1.99,5.3
9/1/2013,6.5,73,0.00091683,9.38E-04,0.012173913,1.905354839,4.7,4.52,4.3
9/8/2013,6.1,73,0.000818599,1.04E-04,0.003043478,1.691629032,4.7,1.78,2
9/15/2013,6.6,73,0.00091683,1.65E-04,0.003043478,1.060612903,2.3,2.26,2.7
9/22/2013,6.4,71,0.001015062,1.02E-04,0.003043478,1.344225806,5,1.63,3.3
9/29/2013,6.6,71,0.001277014,1.17E-04,0.003043478,0.978645161,2.3,1.83,2
10/6/2013,6.4,71,0.001096922,3.07E-04,0.006086957,1.195645161,5,2.84,2.7
10/13/2013,6.6,71,0.001178782,9.80E-05,0.003043478,0.749903226,2.7,2.02,1.7
10/20/2013,6.2,70,0.001178782,1.63E-04,0.003043478,0.791,5.3,1.93,2.7
10/27/2013,6.7,69,0.001227898,4.66E-04,0.006086957,1.040064516,2,2.79,2.7
11/3/2013,6.3,68,0.00108055,2.53E-04,0.003043478,1.578387097,6.3,3.4,2.3
11/10/2013,7,67,0.001506221,7.53E-04,0.006086957,1.419758065,2,3.75,3.1
11/17/2013,7.1,65,0.001440733,8.87E-04,0.006086957,1.36883871,4,2.53,3.3
11/24/2013,7.1,66,0.001211526,6.65E-05,0.003043478,1.792903226,2,1.66,2.7
12/1/2013,7.1,60,0.00116241,5.68E-05,0.003043478,1.221048387,2,2.15,2.3
12/8/2013,6.8,63,0.001031434,1.57E-03,0.021304348,3.326129032,3.3,5.14,3.3
12/15/2013,6.9,63,0.001146038,8.67E-05,0.012173913,2.546419355,3,2.33,3.3
12/22/2013,7.4,59,0.001538965,1.75E-04,0.003043478,1.022677419,2.3,2.18,3.7
12/29/2013,6.8,57,,2.49E-04,0.003043478,1.250967742,2,1.97,3.3
1/5/2014,6.9,55,0.001031434,1.16E-04,0.003043478,1.855,2.7,2.12,2.7
1/12/2014,6.6,55,0.000982318,6.11E-05,0.003043478,1.621741935,3.3,2.1,2.7
1/19/2014,6.5,57,0.000785855,4.98E-05,0.003043478,2.279290323,2.3,1.66,3
1/26/2014,6.4,58,0.000671251,1.85E-03,0.030434783,2.455419355,9,4.38,4
2/2/2014,6.6,60,0.000965946,2.59E-04,0.012173913,2.321290323,4.3,2.75,3.3
2/9/2014,6.7,62,0.001113294,7.97E-05,0.003043478,1.855225806,2.3,2.46,2.7
2/16/2014,6.7,61,0.001047806,8.75E-05,0.003043478,2.130032258,2.3,2.24,3.7
2/23/2014,6.7,60,0.001064178,8.40E-05,0.003043478,1.866741935,2,1.88,4
3/2/2014,6.7,60,0.000949574,2.22E-04,0.003043478,2.031129032,3.3,3.03,5
3/9/2014,6.8,60,0.000818599,1.23E-04,0.006086957,2.132741935,3,2.55,4.3
3/16/2014,6.8,61,0.001015062,1.31E-04,0.006086957,1.937419355,2.3,2.5,3.7
3/23/2014,6.9,57,0.001096922,1.47E-04,0.003043478,0.315112903,2.7,1.49,2
3/30/2014,6.6,59,0.000703995,1.35E-03,0.01826087,2.701209677,5.3,4.33,3.4
4/6/2014,6.5,59,0.000507531,1.98E-04,0.003043478,1.780709677,2.7,2.98,2.9
4/13/2014,6.4,60,0.000736739,3.46E-04,0.003043478,1.252774194,5.3,2.72,3
4/20/2014,6.5,62,0.000818599,6.92E-05,0.003043478,1.317016129,2.7,1.6,2.7
4/27/2014,6.3,62,0.000851343,4.28E-05,0.003043478,1.498451613,4.4,1.16,2
5/4/2014,6.4,63,0.000753111,4.74E-05,0.003043478,1.303806452,2.7,1.5,2
5/11/2014,6.3,64,0.000687623,7.00E-05,0.003043478,1.432516129,5.3,1.72,3.7
5/18/2014,6.6,64,0.000491159,7.19E-05,0.003043478,0.298516129,2.3,1.23,2.6
5/25/2014,6.5,64,0.000933202,4.08E-05,0.003043478,0.45183871,9.7,1.4,2.8
6/1/2014,6.3,65,,6.42E-05,0.003043478,0.455903226,4,1.28,2.7
6/8/2014,6.4,66,0.000900458,4.51E-05,0.003043478,0.627967742,3,1.39,2.3
6/15/2014,6.5,67,0.001031434,6.57E-05,0.003043478,0.477806452,3.1,1.46,3.3
6/22/2014,6.7,68,0.00108055,5.60E-05,0.003043478,0.502419355,2.7,1.18,3.7
6/29/2014,6.5,69,0.001015062,8.13E-05,0.003043478,0.389741935,4,1.45,4.7
7/6/2014,6.6,71,0.001129666,1.51E-04,0.003043478,0.338483871,3.7,1.67,6.3
7/13/2014,6.4,71,0.001015062,1.51E-04,0.003043478,0.890806452,4.3,1.97,5.3
7/20/2014,6.5,72,0.001031434,1.67E-04,0.003043478,0.684419355,6,2.28,5.9
7/27/2014,6.3,72,0.000949574,2.08E-04,0.003043478,0.337693548,6.7,1.94,4.7
8/3/2014,6.4,70,0.001277014,1.30E-04,0.006086957,0.436935484,8,1.51,5.3
8/10/2014,6.3,70,0.001375246,5.78E-04,0.009130435,0.391774194,7.7,2.7,3.9
8/17/2014,6.3,70,0.001064178,1.02E-04,0.006086957,0.446419355,6,1.37,3
8/24/2014,6.3,70,0.000900458,1.12E-04,0.006086957,0.699322581,5.3,1.8,1.8
8/31/2014,6.3,71,0.000703995,5.57E-04,0.009130435,1.286532258,5.3,3.01,1.5
9/7/2014,6.3,73,0.00099869,2.19E-04,0.003043478,0.51416129,5,1.67,1.1
9/14/2014,6.3,71,0.000982318,7.39E-05,0.003043478,0.996709677,4.3,1.78,2.9
9/21/2014,6.2,70,0.001031434,2.29E-04,0.003043478,0.866193548,4,2.23,1.3
9/28/2014,6.3,70,0.001211526,6.96E-05,0.003043478,0.788516129,4.3,1.78,1
10/5/2014,6.3,70,0.001064178,3.62E-05,0.003043478,0.730935484,3.7,1.51,2
10/12/2014,6.2,69,0.000900458,5.29E-04,0.003043478,0.961935484,5.3,2.76,1.5
10/19/2014,6.4,70,0.001064178,3.08E-04,0.003043478,1.233580645,2.7,2.33,2.7
10/26/2014,6.5,68,0.00108055,4.40E-04,0.006086957,1.014548387,2,2.96,2.3
11/2/2014,6.5,68,0.001096922,2.18E-04,0.003043478,1.185935484,3.3,1.81,1.7
11/9/2014,6.7,67,0.000982318,2.99E-04,0.01826087,0.952677419,2.7,2.71,1.9
11/16/2014,6.4,67,0.000982318,4.57E-04,0.024347826,1.363870968,3.3,2.68,2
11/23/2014,6.5,64,0.000900458,2.43E-04,0.021304348,1.805774194,3,2.13,3
11/30/2014,6.8,62,0.001146038,2.38E-04,0.003043478,0.312516129,2,1.54,1.8
12/7/2014,6.6,61,0.000867714,6.10E-04,0.05173913,2.38,3.5,2.94,2.7
12/14/2014,6.6,64,0.000982318,5.11E-04,0.027391304,1.656516129,2.7,3.34,8.3
12/21/2014,6.9,60,0.00116241,4.20E-05,0.003043478,0.331935484,2,1,1.3
12/28/2014,6.6,59,0.001031434,3.27E-04,0.003043478,1.064451613,2.3,2.26,2.3
1/4/2015,6.6,58,0.000818599,6.14E-05,0.003043478,1.359354839,2,1.33,2.6
1/11/2015,6.6,57,0.000867714,4.01E-05,0.003043478,1.351,2,1.61,3
1/18/2015,6.6,57,0.001146038,5.21E-05,0.003043478,1.24983871,2.3,1.27,2.7
1/25/2015,6.5,60,0.000834971,2.14E-03,0.048695652,1.772580645,4,5.11,3
2/1/2015,6.5,60,0.00108055,3.03E-04,0.009130435,1.3405,3,2.55,2.3
2/8/2015,6.4,61,0.001113294,3.23E-04,0.009130435,1.433193548,2.7,2.44,5
2/15/2015,6.5,61,0.000785855,2.42E-04,0.009130435,0.954258065,3.7,2.1,2.7
2/22/2015,6.5,61,0.000753111,2.01E-04,0.012173913,1.152516129,3.3,2.34,3.7
3/1/2015,6.5,61,0.001195154,6.66E-04,0.015217391,1.403387097,5.3,3.31,3.3
3/8/2015,6.5,61,0.001178782,4.32E-04,0.015217391,1.216870968,4.3,2.91,3
3/15/2015,6.3,61,0.000884086,5.01E-04,0.021304348,1.876677419,4.7,3.6,3
3/22/2015,6.5,57,0.00091683,2.46E-04,0.003043478,0.751935484,2,1.63,2
3/29/2015,6.6,58,0.000573019,1.37E-03,0.042608696,2.30683871,10.7,4.25,3
4/5/2015,7,59,0.000703995,1.36E-04,0.015217391,1.085225806,9,1.33,2.3
4/12/2015,6.9,59,0.000687623,9.96E-05,0.003043478,1.504322581,11.3,1.44,3
4/19/2015,7,62,0.00116241,6.18E-05,0.003043478,0.568354839,11.3,1.52,2.3
4/26/2015,6.8,62,0.000884086,8.21E-05,0.01826087,1.101935484,10,1.69,3.7
5/3/2015,6.7,63,0.000736739,4.20E-05,0.009130435,1.597580645,10.7,1.56,4.9
5/10/2015,6.7,65,0.000900458,9.14E-05,0.006086957,1.157032258,6,1.82,2.7
5/17/2015,6.7,66,0.000900458,5.95E-05,0.003043478,0.610129032,8,1.29,3.1
5/24/2015,6.7,65,0.000802227,4.47E-05,0.003043478,0.870032258,4.7,0.91,2.3
5/31/2015,6.6,67,0.000802227,5.52E-05,0.003043478,1.024596774,4,1.38,2.7
6/7/2015,6.8,66,0.000867714,2.53E-05,0.003043478,0.993096774,3,1.24,3.3
6/14/2015,7.1,68,0.00099869,2.53E-05,0.003043478,0.770451613,3.7,1.55,3.3
6/21/2015,6.8,69,0.000982318,2.72E-05,0.006086957,0.76683871,5.7,2.48,9.6
6/28/2015,6.8,70,0.000949574,6.26E-05,0.003043478,0.801387097,4.9,1.49,7
7/5/2015,6.9,70,0.00091683,2.88E-05,0.003043478,0.858741935,3.3,1.42,6
7/12/2015,6.9,72,0.000965946,2.99E-05,0.003043478,0.665,2.7,1.24,4.7
7/19/2015,7,73,0.00124427,2.57E-05,0.003043478,0.278419355,2.6,1.09,3.4
7/26/2015,6.9,73,0.001129666,3.66E-05,0.003043478,0.365806452,2.7,1.02,3.7
8/2/2015,6.7,73,0.001260642,2.26E-05,0.003043478,0.488870968,4,0.59,2.7
8/9/2015,6.8,73,0.00124427,4.47E-05,0.003043478,0.516193548,2.3,0.91,2.3
8/16/2015,6.9,72,0.001146038,5.48E-05,0.003043478,0.616677419,3.7,2.08,2.3
8/23/2015,7,74,0.00124427,3.23E-05,0.003043478,0.567225806,2.3,1.46,3.3
8/30/2015,7,73,0.001489849,4.36E-05,0.003043478,0.487290323,2.2,1.28,1.4
9/6/2015,6.9,73,0.001195154,5.76E-04,0.009130435,0.878612903,5.3,2.19,2.3
9/13/2015,6.9,75,0.001047806,3.97E-05,0.003043478,0.487516129,2.3,1.31,2
9/20/2015,6.9,72,0.001096922,1.31E-04,0.003043478,0.646709677,2.7,1.5,1.7
9/27/2015,6.9,72,0.001195154,2.70E-04,0.003043478,0.616,3.7,1.9,2
10/4/2015,6.9,72,0.001195154,3.19E-04,0.003043478,0.520483871,4,1.71,1
10/11/2015,6.8,70,0.001031434,6.99E-04,0.006086957,0.622548387,2.3,2.73,1.7
10/18/2015,6.7,70,0.001015062,5.54E-04,0.006086957,0.504,3.3,2.35,2
10/25/2015,6.7,69,0.00108055,3.39E-04,0.003043478,0.527709677,3.3,2.21,3.3
11/1/2015,6.7,68,0.001031434,6.65E-04,0.009130435,1.077096774,7.3,3.03,2
11/8/2015,7,68,0.00108055,4.35E-04,0.01826087,0.683967742,2,2.04,2.7
11/15/2015,7,68,0.00116241,5.56E-04,0.027391304,0.777677419,3.3,2.49,3.9
11/22/2015,6.9,66,0.001178782,3.57E-04,0.027391304,0.795741935,3.7,2.7,2
11/29/2015,7,64,0.00124427,1.48E-04,0.003043478,0.237548387,2,1.34,1.9
12/6/2015,6.7,64,0.001178782,8.56E-04,0.130869565,1.54733871,2,2.89,4.3
12/13/2015,6.9,65,0.001440733,1.92E-04,0.012173913,0.87816129,3,1.97,2
12/20/2015,6.9,64,0.001277014,3.06E-04,0.006086957,1.577258065,3.6,1.71,1.7
12/27/2015,7.1,63,0.00124427,4.01E-04,0.001217391,0.503548387,3.7,2.22,3
1/3/2016,7,60,0.001293386,3.50E-05,0.003043478,0.904354839,1.3,1.62,1
1/10/2016,6.9,59,0.001015062,3.58E-05,0.003043478,2.025258065,1,1.85,2
1/17/2016,6.7,58,0.000687623,7.00E-05,0.006086957,2.472580645,2.7,9.01,3.6
1/24/2016,6.9,58,0.001669941,7.69E-03,0.030434783,1.666225806,5,2.02,4.5
1/31/2016,6.5,61,0.000753111,9.11E-04,0.021304348,2.612016129,3,3.43,4.1
2/7/2016,6.6,62,0.001047806,4.30E-04,0.01826087,2.998709677,3.3,3.4,1.7
2/14/2016,6.7,61,0.00132613,3.39E-04,0.012173913,2.160967742,3.7,3.95,2.7
2/21/2016,6.7,60,0.001637197,9.21E-04,0.01826087,1.677290323,3.7,3.56,2.7
2/28/2016,6.7,62,0.001195154,7.76E-04,0.009130435,2.250612903,3.7,3.51,2.7
3/6/2016,6.7,61,0.001293386,6.15E-04,0.012173913,2.345677419,4.3,3.78,3.7
3/13/2016,6.7,63,0.001309758,5.46E-04,0.012173913,2.079451613,4.7,2.19,4.7
3/20/2016,6.9,61,0.00124427,3.30E-04,0.003043478,0.786935484,2.3,4.14,2.6
3/27/2016,6.7,62,0.001309758,1.11E-03,0.030434783,2.261,3.3,2,2.7
4/3/2016,6.4,63,0.00132613,1.56E-04,0.006086957,2.186258065,3.3,1.58,2.7
4/10/2016,6.4,62,0.001113294,5.56E-05,0.003043478,2.067032258,4.3,2.78,2.9
4/17/2016,6.5,62,0.001129666,3.61E-04,0.003043478,2.104741935,4.3,1.73,3.7
4/24/2016,6.6,64,0.001211526,7.31E-05,0.003043478,1.695806452,4.3,1.8,2.7
5/1/2016,6.7,65,0.001522593,5.09E-05,0.003043478,1.274451613,4,1.45,2.3
5/8/2016,6.8,65,0.001457105,6.18E-05,0.003043478,1.785677419,3,1.59,2
5/15/2016,7,63,0.001588081,4.63E-05,0.003043478,0.983387097,2.7,1.66,2.3
5/22/2016,6.5,62,0.001555337,3.42E-05,0.003043478,1.296354839,3,1.93,4
5/29/2016,6.6,66,0.001424361,3.11E-05,0.003043478,1.392322581,3.3,1.99,5.3
6/5/2016,6.4,69,0.001113294,2.96E-05,0.003043478,1.677741935,4.3,1.81,7.3
6/12/2016,6.3,68,0.000949574,3.31E-05,0.003043478,2.132290323,3.9,1.78,8.3
6/19/2016,6.5,68,0.001571709,4.28E-05,0.003043478,1.852967742,3.7,1.78,4.4
6/26/2016,6.7,70,0.001653569,3.69E-05,0.003043478,1.747741935,3,1.82,5.7
7/3/2016,6.7,70,0.001931893,2.49E-05,0.003043478,1.778677419,2.3,1.45,4
7/10/2016,6.8,71,0.001768173,2.88E-05,0.003043478,1.746612903,2.3,1.68,4.7
7/17/2016,6.8,71,0.001784545,2.68E-05,0.003043478,1.641387097,2.2,1.24,3
7/24/2016,6.8,72,0.001981009,2.92E-05,0.003043478,1.888193548,2.3,1.88,4.7
7/31/2016,6.8,73,0.002128356,7.82E-05,0.003043478,2.172032258,4,2.62,6.7
8/7/2016,6.7,72,0.001620825,1.53E-04,0.003043478,1.661709677,4,2.25,8.5
8/14/2016,6.8,72,0.001358874,4.47E-05,0.003043478,2.197096774,3.3,1.57,8
8/21/2016,6.8,74,0.001833661,5.13E-05,0.003043478,1.588322581,2.3,1.07,4
8/28/2016,7,72,0.001866405,1.22E-04,0.003043478,0.246354839,2.7,3.74,4
9/4/2016,6.8,73,0.001489849,1.25E-03,0.029521739,1.377306452,3.7,3.44,4.4
9/11/2016,6.7,73,0.001146038,2.12E-04,0.003043478,1.870016129,5.7,2.95,3.3
9/18/2016,6.8,72,0.001473477,4.51E-04,0.006086957,1.505225806,5.7,1.87,3.7
9/25/2016,6.6,73,0.001277014,8.32E-05,0.003043478,2.191451613,3.3,2.9,4
10/2/2016,6.6,70,0.000949574,1.42E-04,0.003043478,5.175483871,4.3,3.35,10.3
10/9/2016,6.7,70,0.002062868,5.64E-04,0.004565217,4.667419355,5,2.87,9.3
10/16/2016,6.4,69,0.001375246,9.02E-05,0.003043478,4.335483871,5,2.42,7.3
10/23/2016,6.2,71,0.001260642,1.01E-04,0.003043478,5.051290323,5.3,3.91,5.7
10/30/2016,6.5,67,0.001653569,6.57E-04,0.003043478,3.574516129,4,4.67,5
11/6/2016,6.5,68,0.001277014,1.74E-03,0.004869565,2.660903226,7.3,3.13,6.3
11/13/2016,6.9,67,0.001489849,3.22E-04,0.024043478,2.790516129,3.7,2.48,3
11/20/2016,7,67,0.001473477,2.89E-04,0.044130435,2.41183871,3.3,1.34,2.7
11/27/2016,7.2,61,0.002750491,9.49E-05,0.003043478,0.065258065,2,4.74,2.1
12/4/2016,6.9,63,0.001735429,1.44E-03,0.089173913,1.438951613,2.7,2.81,2
12/11/2016,6.8,63,0.001571709,1.48E-04,0.034086957,1.784548387,2,2.42,4
12/18/2016,6.8,62,0.001358874,8.36E-05,0.008217391,1.880741935,1.9,1.87,2.7
12/25/2016,6.9,59,0.001882777,4.39E-05,0.003652174,1.024483871,2.7,1.84,1.9
1/1/2017,6.7,57,0.001358874,1.09E-04,0.003043478,0.520709677,1.5,1.43,3
1/8/2017,6.8,57,0.001457105,6.61E-05,0.003043478,0.273451613,4.7,0.81,2.5
1/15/2017,6.6,59,0.001113294,2.22E-03,0.113217391,1.309903226,6,5.27,4
1/22/2017,6.5,61,0.000687623,2.83E-04,0.042608696,2.287870968,4,2.93,4.3
1/29/2017,6.8,61,0.001113294,1.44E-04,0.020086957,2.676935484,2.2,2.71,2.7
2/5/2017,6.7,60,0.001064178,1.40E-04,0.02373913,2.935935484,2.3,2.68,3.3
2/12/2017,6.7,60,0.001260642,1.14E-04,0.020086957,2.638774194,2.3,2.41,3.7
2/19/2017,6.8,61,0.001047806,2.76E-04,0.024347826,2.411612903,3,2.52,3.7
2/26/2017,6.7,62,0.001064178,2.52E-04,0.028913043,2.493354839,3.7,2.94,3.3
3/5/2017,6.8,61,0.000949574,1.06E-04,0.014304348,2.619354839,3.3,2.15,3.7
3/12/2017,6.9,55,0.00140799,7.82E-05,0.003956522,1.516967742,2.7,2.14,1.6
3/19/2017,6.8,55,0.001031434,2.88E-03,0.029217391,2.083290323,6,6.48,4
3/26/2017,6.7,58,0.000736739,1.89E-04,0.005478261,3.262903226,2.3,2.64,3
4/2/2017,6.6,58,0.000818599,2.00E-04,0.003043478,3.231290323,3.7,3.03,4.3
4/9/2017,6.7,61,0.000900458,7.31E-05,0.003043478,2.539419355,3.3,2.12,2.7
4/16/2017,6.8,63,0.000769483,1.58E-04,0.003043478,2.791193548,4,2.56,2.5
4/23/2017,7.1,64,0.000982318,1.77E-04,0.030434783,2.770645161,2.7,2.84,2
4/30/2017,7.1,65,0.001064178,1.99E-04,0.003043478,3.030322581,2.6,2.41,2
5/7/2017,7.2,62,0.001538965,8.83E-05,0.003043478,2.214258065,3,2.16,2.1
5/14/2017,7.1,63,0.001146038,5.60E-05,0.003043478,1.64116129,2.3,0.95,4.7
5/21/2017,7.1,65,0.001227898,5.91E-05,0.003043478,1.612709677,3,2.63,5.3
5/28/2017,7.1,64,0.000965946,2.38E-04,0.003043478,1.755419355,5.3,3.56,9.3
6/4/2017,7.1,65,0.001129666,7.27E-05,0.003043478,2.118741935,4.5,2.16,10
6/11/2017,7,69,0.001146038,5.83E-05,0.003043478,1.937870968,4.7,1.93,3.1
6/18/2017,7.1,70,0.001277014,4.77E-04,0.003043478,1.759258065,3.7,3.67,6.3
6/25/2017,7,70,0.001047806,8.59E-05,0.003043478,1.910548387,2.9,2.08,3.9
7/2/2017,6.9,70,0.001178782,1.09E-04,0.003043478,1.961467742,2,1.33,6
7/9/2017,6.9,71,0.000900458,9.37E-05,0.003043478,1.876,2,0.9,4.3
7/16/2017,6.9,71,0.000965946,6.73E-05,0.004565217,1.355290323,1.7,1.68,3.3
7/23/2017,7,70,0.00124427,7.27E-05,0.003043478,1.297935484,1.7,1.24,3
7/30/2017,7.1,70,0.00140799,1.32E-05,0.003043478,1.167870968,1.3,1.78,3
8/6/2017,7.1,70,0.001440733,7.00E-05,0.003043478,0.986774194,1.9,2.11,3.3
8/13/2017,7.1,71,0.001866405,2.11E-04,0.003043478,0.176693548,2,1.23,7.3
8/20/2017,7.1,71,0.001882777,2.49E-04,0.003043478,0.278983871,3.2,1.14,4
8/27/2017,7.1,70,0.001571709,2.50E-03,0.032565217,1.635290323,3.2,5.56,2.1
9/3/2017,6.7,71,0.00091683,9.53E-05,0.003043478,3.381451613,3.7,2.64,2.4
9/10/2017,6.8,70,0.00091683,1.59E-04,0.003043478,3.818387097,3.8,2.93,3
9/17/2017,6.8,72,0.00116241,2.70E-04,0.003043478,3.859032258,4.6,3.42,3.8
9/24/2017,6.8,73,0.000802227,8.59E-05,0.003043478,4.046451613,3.9,2.77,2.3
10/1/2017,6.8,70,0.000769483,1.31E-03,0.009130435,4.337741935,4.1,5.86,1.4
10/8/2017,6.9,71,0.000753111,1.32E-03,0.023130435,4.044193548,5,5.65,1.1
10/15/2017,7,68,0.000884086,1.81E-03,0.042913043,4.057741935,3.6,6.65,1.1
10/22/2017,7,70,0.000851343,9.45E-04,0.057826087,4.127741935,3.7,4.15,1.8
10/29/2017,6.8,67,0.000638507,5.73E-04,0.033173913,3.249354839,4.7,3.01,3.5
11/5/2017,7.1,66,0.000474787,2.87E-04,0.022826087,3.378064516,1.5,3.44,0.7
11/12/2017,7,63,0.000720367,5.00E-04,0.081869565,3.732580645,2.7,3.3,1.8
11/19/2017,7.4,61,0.001555337,1.78E-03,0.234347826,1.334516129,3.2,6.04,0.9
11/26/2017,7.3,62,0.001195154,2.53E-04,0.013391304,1.907387097,3.05,2.96,1.1
12/3/2017,7,63,0.000785855,2.75E-04,0.019782609,3.26516129,3.65,3.17,1
12/10/2017,7,61,0.000638507,4.46E-04,0.03926087,3.041612903,3.45,2.27,3.2
12/17/2017,7.2,59,0.000720367,1.89E-03,0.316521739,1.979419355,3.05,5.95,2.2
12/24/2017,7.1,56,0.000965946,1.05E-03,0.197826087,1.481290323,5.3,3.26,3.1
1/7/2018,7.8,52,0.001358874,3.03E-04,0.041086957,2.003806452,3.05,1.99,3.8
1/14/2018,7.7,54,0.001473477,9.45E-05,0.043521739,1.404064516,3.15,1.4,2.9
1/21/2018,7.5,56,0.00124427,2.28E-03,0.01673913,1.56483871,3.35,4.32,2.3
1/28/2018,7.1,59,0.000818599,9.30E-04,0.025869565,2.874516129,3.7,3.86,2.8
2/4/2018,7.2,59,0.000736739,1.28E-03,0.099826087,2.867741935,4.7,4.95,1.7
2/11/2018,7.2,59,0.000671251,1.18E-03,0.113826087,2.365548387,3.85,3.59,2
2/18/2018,7.2,59,0.000802227,1.45E-03,0.069695652,2.440064516,2.8,3.63,1.5
2/25/2018,7.2,60,0.000802227,1.09E-03,0.182913043,2.237741935,3.8,4.49,1.2
3/4/2018,7.1,60,0.001653569,9.02E-04,0.062086957,1.909758065,4.4,2.81,3.5
3/11/2018,7,59,0.000466601,7.44E-04,0.066347826,2.368483871,9,2.3,2.7
3/18/2018,7.4,55,0.000769483,1.58E-04,0.007304348,0.361064516,2.9,1.11,3.8
3/25/2018,7.1,57,0.000777669,1.71E-03,0.175,1.79516129,8.9,4.17,4.9
4/1/2018,7.1,60,0.000695809,9.84E-04,0.104695652,2.090290323,8.9,3.64,3.1
4/8/2018,7,59,0.00112148,6.56E-04,0.018565217,2.888064516,6.6,3.02,4.1
4/15/2018,6.8,60,0.000851343,1.15E-04,0.003043478,1.989806452,4.4,2.08,8.1
4/22/2018,6.7,60,0.000548461,8.09E-05,0.003043478,2.125516129,4.4,1.95,3.8
4/29/2018,6.7,62,0.000974132,1.82E-04,0.003043478,1.609774194,3,2.1,2.6
5/6/2018,6.7,64,0.002128356,1.98E-04,0.003043478,1.682032258,3.6,2.75,6.6
5/13/2018,6.8,64,0.001555337,1.47E-04,0.003043478,1.044580645,2.4,2.02,0
5/20/2018,6.7,64,0.000720367,5.22E-04,0.003043478,1.151387097,1.6,2.7,0.5
5/27/2018,6.7,65,0.000687623,1.40E-04,0.003043478,1.705290323,2.8,2.05,2.1
6/3/2018,6.8,68,0.000925016,1.94E-04,0.003043478,1.166516129,3,2.61,4.6
6/10/2018,7,67,0.000982318,8.17E-05,0.003043478,1.745935484,2.3,3.05,2.7
6/17/2018,7.1,68,0.001604453,5.44E-05,0.003043478,1.196774194,2.5,1.74,6.2
6/24/2018,7.4,65,0.001178782,1.37E-04,0.003043478,1.190564516,2.2,1.94,3.3
7/1/2018,7.1,71,0.001309758,3.62E-05,0.003043478,0.985419355,2.5,1.12,2.8
7/8/2018,7,75,0.001031434,1.19E-04,0.003043478,1.092451613,1.6,1.6,1.4
7/15/2018,6.8,73,0.000712181,6.96E-05,0.003043478,1.985516129,4.5,1.8,3.2
7/22/2018,6.8,74,0.000965946,6.96E-05,0.003043478,2.291935484,2.6,2.04,3.6
7/29/2018,6.8,75,0.001178782,5.41E-05,0.003043478,2.01983871,2.6,1.44,4.7
8/5/2018,6.9,74,0.00124427,4.16E-05,0.003043478,1.48716129,2.8,2.13,3.7
8/12/2018,7.1,75,0.001899149,3.97E-05,0.003043478,0.334419355,2.3,0.75,3.6
8/19/2018,7,74,0.001440733,7.93E-05,0.003043478,0.203677419,1.8,0.98,4.7
8/26/2018,7.2,74,0.001833661,2.41E-05,0.003043478,0.267919355,2.8,0.62,2.6
9/2/2018,7.1,76,0.001694499,2.58E-04,0.00426087,1.437258065,3.7,1.76,2.5
9/9/2018,7.1,76,0.001375246,4.51E-05,0.003043478,1.391758065,4.2,0.84,2.1
9/16/2018,6.9,74,0.001358874,2.22E-05,0.000304348,1.85116129,4,1.71,3.1
9/23/2018,6.9,74,0.001399804,2.84E-05,0.003043478,1.491,3.6,1.73,3.3
9/30/2018,7.2,72,0.001268828,1.02E-04,0.003043478,1.667354839,1.9,1.66,2.4
10/7/2018,7.2,71,0.001146038,5.06E-05,0.003043478,1.656516129,2.8,1.56,2.2
10/14/2018,7.2,72,0.001260642,4.36E-05,0.003043478,1.583354839,2.2,1.78,2.2
10/21/2018,7.3,68,0.001277014,2.14E-04,0.003043478,1.580645161,2.7,1.39,2.3
10/28/2018,7.3,66,0.001465291,7.23E-05,0.003043478,2.300290323,2.6,2.58,2.1
11/4/2018,7.1,66,0.000843157,1.34E-04,0.003043478,2.01216129,4.9,2.07,3
11/11/2018,7.4,65,0.001293386,3.80E-04,0.014913043,2.483193548,3.1,1.87,2.1
11/18/2018,7.4,63,0.001031434,4.54E-04,0.013695652,1.962258065,3.1,1.79,2.4
11/25/2018,7.5,60,0.001555337,2.55E-04,0.003043478,0.229870968,2.1,0.65,1.7
12/2/2018,7.3,61,0.001498035,1.45E-03,0.012782609,1.189774194,5.6,2.77,3
12/9/2018,7.3,62,0.001055992,1.45E-04,0.019782609,2.328064516,4.3,2.08,3
12/16/2018,7.3,60,0.001186968,5.95E-05,0.012478261,2.770645161,4.9,1.86,1.7
12/23/2018,7.6,59,0.001833661,9.72E-05,0.00426087,1.443354839,2.5,1.97,1.3
12/30/2018,7.6,52,0.001522593,3.42E-05,0.003043478,1.523064516,2.1,1.59,1.2
1/6/2019,7.6,56,0.001440733,4.01E-05,0.003043478,1.403725806,3.1,1.36,2.3
1/13/2019,7.7,54,0.001981009,3.97E-05,0.003043478,1.258193548,1.5,,1.5
1/20/2019,7.5,54,0.001498035,3.23E-05,0.003043478,1.138516129,4.4,0.79,2.8
1/27/2019,7.3,56,0.001579895,1.86E-03,0.004869565,1.684967742,9.1,3.04,5.2
2/3/2019,7.2,57,0.001301572,2.15E-03,0.024956522,1.360032258,8.3,3.74,4
2/10/2019,7.2,60,0.001498035,8.60E-04,0.013695652,0.826,6.4,2.21,2.8
2/17/2019,7.2,58,0.0012852,5.55E-04,0.014304348,1.385322581,5.2,2.73,2.7
2/24/2019,7.2,58,0.001186968,4.56E-04,0.01126087,1.262935484,4.8,1.95,2.3
3/3/2019,7.2,57,0.001211526,5.53E-04,0.015826087,1.192483871,6.6,2.01,2.9
3/10/2019,7.1,57,0.001424361,2.15E-04,0.009434783,0.793709677,5.4,1.23,2.9
3/17/2019,7.3,59,0.001506221,2.65E-04,0.013391304,0.690967742,4.3,1.65,2.8
3/24/2019,7.6,58,0.001858219,9.80E-05,0.003043478,0.196677419,3.8,0.72,3.1
3/31/2019,7.3,58,0.001841847,1.51E-03,0.017347826,1.12383871,5.2,2.83,3.1
4/7/2019,7.2,60,0.001981009,1.06E-03,0.006086957,1.019741935,4.9,3.26,2.2
4/14/2019,7.1,61,0.001710871,7.57E-04,0.003652174,0.861451613,2.8,1.91,1.6
4/21/2019,6.9,62,0.001137852,7.67E-04,0.003347826,0.998290323,3.3,2.66,1.6
4/28/2019,6.9,63,0.001055992,5.06E-04,0.003043478,0.874096774,2.9,1.93,2
5/5/2019,6.9,62,0.000965946,2.03E-04,0.003043478,1.155,2.6,1.23,2.1
5/12/2019,7,64,0.001555337,1.35E-04,0.003043478,0.930774194,4,1.81,2.3
5/19/2019,7.3,61,0.00248854,9.33E-05,0.003043478,0.40916129,1.9,0.92,2.3
5/26/2019,7.1,64,0.001448919,5.09E-05,0.003043478,0.641741935,5.1,1.05,3.7
6/2/2019,7.1,66,0.00136706,6.07E-05,0.003043478,0.968032258,5.3,0.86,4.1
6/9/2019,6.9,67,0.000777669,3.38E-05,0.003043478,1.996354839,2.6,1.46,3.8
6/16/2019,7.1,68,0.001219712,1.11E-04,0.03926087,1.729451613,6.2,1.28,4.2
6/23/2019,7,69,0.001309758,1.44E-04,0.003043478,1.800806452,4,1.95,3.9
6/30/2019,7,70,0.001227898,9.33E-05,0.00426087,1.612258065,3.7,1.92,3.2
7/7/2019,7.2,72,0.001236084,1.17E-04,0.023434783,1.219580645,3.6,1.33,3.6
7/14/2019,7,72,0.001293386,5.99E-05,0.017347826,1.514935484,3.4,1.65,3.6
7/21/2019,7.1,73,0.001440733,6.30E-05,0.003043478,1.623322581,2.9,1.64,3.6
7/28/2019,7.1,70,0.001105108,1.23E-04,0.003043478,1.789064516,3.5,1.56,4.9
8/4/2019,7.1,74,0.001358874,5.64E-05,0.03226087,1.598258065,2.6,0.72,2.7
8/11/2019,7.3,73,0.001661755,7.82E-05,0.003043478,0.726193548,2.1,1.44,2.7
8/18/2019,7.3,72,0.001890963,8.13E-05,0.003043478,0.191032258,2.8,0.78,2.4
8/25/2019,7.3,74,0.001751801,1.16E-04,0.003043478,0.23833871,1.9,0.72,2.4
9/1/2019,7.2,72,0.001465291,2.47E-03,0.072130435,2.537725806,3.9,4.46,3.5
9/8/2019,7.2,73,0.001432547,1.35E-04,0.003043478,2.4605,3,1.79,2.7
9/15/2019,7.1,72,0.001612639,1.56E-04,0.007304348,2.549580645,3.5,2,1.9
9/22/2019,7.1,70,0.001751801,7.82E-05,0.003043478,2.601290323,3.6,3.1,1.7
9/29/2019,7.2,72,0.001743615,1.13E-04,0.063913043,2.365322581,3.9,1.97,2.3
10/6/2019,7.2,71,0.00207924,1.04E-04,0.003043478,1.568677419,4.1,1.52,2.2
10/13/2019,7.2,69,0.002021938,8.36E-05,0.003043478,1.803741935,4,1.74,2.3
10/20/2019,7,68,0.001530779,1.14E-04,0.003043478,1.704612903,3.9,1.75,2.4
10/27/2019,7.1,68,0.001416176,1.20E-04,0.055695652,2.167967742,3.6,1.83,2.9
11/3/2019,7.2,68,0.001710871,8.32E-05,0.006086957,1.528935484,4.2,1.75,2.2
11/10/2019,7.4,66,0.001972823,2.48E-04,0.030434783,1.183677419,5.7,2.01,2.3
11/17/2019,7.4,64,0.001604453,2.68E-04,0.012478261,1.468870968,3.7,1.95,1.8
11/24/2019,7.2,65,0.001481663,3.62E-04,0.016434783,1.460516129,4.1,1.9,1.9
12/1/2019,7.3,61,0.001637197,1.20E-04,0.003043478,0.248387097,2.7,0.99,1.8
12/8/2019,7.3,61,0.001596267,9.05E-04,0.008521739,0.697967742,4.3,2.2,1.5
12/15/2019,7.1,61,0.001186968,6.45E-04,0.03773913,1.399548387,4.2,2.81,1.8
12/22/2019,7.3,57,0.001064178,7.58E-05,0.003043478,0.540354839,2.6,0.9,2.1
12/29/2019,7.2,58,0.001334316,9.53E-05,0.003043478,0.926709677,2.6,1.35,2.7
1/5/2020,7.3,58,0.001096922,1.16E-04,0.003043478,0.399451613,2.3,1.68,3.4
1/12/2020,7.2,57,0.001006876,9.64E-05,0.003043478,0.590709677,2.5,1.18,3
1/19/2020,7.3,58,0.000925016,1.24E-04,0.003043478,0.418870968,2.1,1.08,2.3
1/26/2020,7.4,59,0.001817289,3.53E-03,0.012782609,0.500612903,5.5,3.36,2.7
2/2/2020,7.2,60,0.001227898,2.17E-03,0.049304348,0.748322581,5.2,3.86,1.5
2/9/2020,7.3,62,0.001186968,1.52E-03,0.043217391,0.671096774,6.1,3.16,1.2
2/16/2020,7.2,61,0.001383432,1.06E-03,0.065434783,0.718290323,7.1,2.84,1.3
2/23/2020,7.2,59,0.001358874,9.36E-04,0.057521739,0.618935484,7.9,2.39,1.7
3/1/2020,7.2,61,0.001399804,7.26E-04,0.044434783,0.646935484,5.9,2.37,2.3
3/8/2020,7.3,61,0.001277014,7.53E-04,0.034695652,0.616903226,5,2.35,2.6
3/15/2020,7.1,62,0.001137852,6.23E-04,0.02526087,0.524774194,5,2.03,3.1
3/22/2020,7.3,60,0.001178782,8.48E-05,0.003043478,1.469322581,4,1.89,2.9
3/29/2020,7.2,59,0.00124427,1.04E-04,0.003043478,1.869,3.8,2.03,2.7
4/5/2020,7.1,58,0.000802227,6.96E-05,0.003043478,2.050774194,3.2,2.25,2.4
4/12/2020,7.2,59,0.001252456,6.49E-05,0.003043478,2.874516129,2.8,1.49,2.2
4/19/2020,7.3,58,0.001236084,7.78E-05,0.003043478,2.115806452,3.4,1.67,3
4/26/2020,7.2,58,0.001211526,5.72E-05,0.003043478,1.756548387,2.7,1.13,2.5
5/3/2020,7.2,60,0.001146038,6.61E-05,0.003043478,1.199935484,2.9,1.35,2.6
5/10/2020,7.1,61,0.001055992,4.59E-05,0.003043478,0.411758065,2.4,0.79,1.8
5/17/2020,7.2,60,0.00120334,5.17E-05,0.003043478,0.258774194,4,0.59,1.8
5/24/2020,7.2,63,0.001252456,4.28E-05,0.003043478,0.190693548,4,0.73,2
5/31/2020,7,68,0.00099869,5.76E-05,0.003043478,0.201870968,4,0.82,2.3
6/7/2020,6.9,67,0.001047806,1.10E-04,0.003043478,0.156822581,4,0.74,2.3
6/14/2020,7.1,68,0.001129666,8.05E-05,0.003043478,0.168225806,4,0.81,2.1
6/21/2020,6.9,69,#VALUE!,6.96E-05,0.003043478,0.2485,4,0.91,1.6
6/28/2020,6.9,73,#VALUE!,7.70E-05,0.003043478,0.228064516,4,0.99,1.7
7/5/2020,7,72,0.000834971,7.74E-05,0.307391304,0.249967742,4,1.14,3.2
7/12/2020,6.8,73,0.000900458,5.95E-05,0.003043478,0.235177419,4,0.97,3
7/19/2020,6.8,73,0.000785855,5.99E-05,0.003043478,0.190919355,4,0.84,2.7
7/26/2020,6.8,73,0.001277014,4.01E-05,0.003043478,0.182564516,4,0.78,2.3
8/2/2020,7,75,0.001129666,3.69E-05,0.003043478,0.109516129,4,0.75,3.3
8/9/2020,6.7,74,0.000884086,5.17E-05,0.003043478,0.478483871,4,1.26,2.9
8/16/2020,6.6,74,0.001178782,8.21E-05,0.003043478,0.440548387,4,1.17,3.3
8/23/2020,6.7,72,0.00099869,9.76E-05,0.003043478,0.923887097,4,1.65,4.1
8/30/2020,6.7,70,0.001015062,6.61E-05,0.003043478,0.490451613,6.7,1.29,3
9/6/2020,6.8,72,0.001096922,6.61E-05,0.003043478,0.520709677,4,1.43,3.8
9/13/2020,6.8,73,0.001538965,7.89E-05,0.003043478,0.550967742,4.2,1.09,3.7
9/20/2020,6.8,71,0.001113294,7.27E-05,0.003043478,0.441,4,1.07,3.2
9/27/2020,7,68,0.00116241,1.03E-04,0.003043478,0.490677419,4,1.28,4.4
10/4/2020,6.9,71,0.001072364,4.59E-05,0.003043478,0.38816129,4,1.01,2.3
10/11/2020,6.9,68,0.001211526,5.83E-05,0.003043478,0.508064516,6.7,1.12,2.4
10/18/2020,6.9,69,0.00132613,5.72E-05,0.003043478,0.530419355,4,1.05,2.9
10/25/2020,6.9,67,0.001129666,4.36E-05,0.003043478,0.473290323,4,1.12,2.6
11/1/2020,6.8,67,0.001129666,4.71E-05,0.003043478,0.861903226,4,0.97,2.5
11/8/2020,7.2,65,0.001031434,4.24E-05,0.003043478,1.192258065,4,1.47,2.5
11/15/2020,7.1,68,0.000965946,9.21E-04,0.003043478,0.564516129,4,2.76,2.1
11/22/2020,7.2,64,0.000965946,5.52E-05,0.003043478,0.632709677,4,1,1.9
11/29/2020,7.2,63,0.001227898,2.53E-05,0.003043478,0.660935484,3.2,1.27,1.9
12/6/2020,7.2,62,0.000965946,2.14E-05,0.003043478,0.747870968,,1.1,2.5
12/13/2020,7.2,61,0.001735429,2.76E-05,0.003043478,0.578741935,,0.91,2.4
12/20/2020,7.3,60,0.001277014,2.33E-05,0.003043478,0.317483871,,0.77,2.5
12/27/2020,7.3,60,0.001653569,2.61E-05,0.003043478,0.26566129,,0.86,2.3
1/3/2021,7.3,58,0.001129666,2.06E-05,0.003043478,0.391774194,,1.06,3.8
1/10/2021,7.1,59,0.000949574,8.28E-05,0.003043478,0.509645161,4,1.27,3.5
1/17/2021,7.3,60,0.00140799,2.61E-04,0.003043478,0.362193548,4,1.85,3.5
1/24/2021,7.3,61,0.00099869,6.14E-04,0.003043478,0.540580645,4,2.23,3.6
1/31/2021,7.2,62,0.00091683,5.50E-04,0.007608696,0.716935484,4,1.32,3.3
2/7/2021,7.2,59,0.00103962,8.56E-05,0.003043478,0.925806452,4,1.28,3.3
2/14/2021,7.1,62,0.000900458,1.31E-04,0.00426087,0.619387097,4,1.16,2.8
2/21/2021,7.2,61,0.000834971,5.48E-05,0.003043478,0.639483871,4,1.02,2.2
2/28/2021,6.9,60,0.000589391,8.63E-05,0.003043478,0.708806452,4,1.23,2.1
3/7/2021,7,59,0.000867714,6.07E-05,0.003043478,0.789645161,4,1.01,3.3
3/14/2021,7.1,61,0.000736739,5.83E-05,0.003043478,0.793032258,4,1.28,1.5
3/21/2021,7,60,0.001064178,5.41E-05,0.003043478,0.668612903,4,0.94,2.1
3/28/2021,7.1,62,0.000965946,2.41E-04,0.003043478,0.590032258,4,1.26,2.2
4/4/2021,6.8,61,0.00108055,8.17E-05,0.01673913,0.551419355,4,1.37,4.1
4/11/2021,6.8,62,0.0008759,4.98E-05,0.003043478,0.504451613,4,1.19,3.7
4/18/2021,6.8,63,0.001047806,3.34E-05,0.307391304,0.344129032,4,1.27,2.7
4/25/2021,6.8,61,0.000736739,3.93E-05,0.003043478,0.201419355,4,1.15,3.4
5/2/2021,6.8,62,0.000818599,8.40E-05,0.003043478,0.265096774,4,0.87,4.2
5/9/2021,6.8,64,0.001088736,3.69E-05,0.003043478,0.285419355,4,0.84,2.3
5/16/2021,6.6,62,0.000982318,4.20E-05,0.003043478,0.222193548,4,0.7,1.7
5/23/2021,6.8,65,0.000818599,5.48E-05,0.003043478,0.124080645,4,0.65,2.4
5/30/2021,6.8,68,0.000818599,3.73E-05,0.003043478,0.123741935,4,1.42,1.9
6/6/2021,6.6,67,0.000613949,6.53E-05,0.003043478,0.9275,4,1.4,2.7
6/13/2021,6.8,69,0.001047806,4.39E-05,0.003043478,0.652354839,4,0.75,2.5
6/20/2021,6.7,69,0.000900458,3.54E-05,0.003043478,0.240596774,4,0.97,3.1
6/27/2021,6.7,71,0.000818599,5.99E-05,0.003043478,0.180193548,4,1.01,4.2
7/4/2021,6.7,72,0.00091683,6.49E-05,0.003043478,0.217677419,4,1.26,5.5
7/11/2021,6.8,71,0.001015062,7.51E-05,0.003043478,0.198145161,4.1,0.93,7.5
7/18/2021,6.8,69,0.000548461,7.08E-05,0.003043478,0.267354839,4,0.81,4.8
7/25/2021,6.7,70,0.000646693,3.11E-05,0.003043478,0.233822581,4,0.7,2.5
8/1/2021,6.7,71,0.000810413,3.46E-05,0.003043478,0.22366129,4,0.74,3
8/8/2021,6.8,70,0.000982318,4.39E-05,0.003043478,0.211580645,4,0.68,2.3
8/15/2021,6.7,72,0.000900458,2.61E-05,0.003043478,0.24183871,4,0.98,1.5
8/22/2021,6.6,73,0.000965946,3.77E-05,0.003043478,0.463580645,4,1.5,2.5
8/29/2021,6.8,72,0.001277014,9.10E-05,0.091,1.555580645,4,1.41,2.2
9/5/2021,6.8,71,0.00108055,1.02E-04,0.003043478,1.177354839,4,1.17,2.8
9/12/2021,7.1,72,0.001260642,1.11E-04,0.007913043,0.516532258,4,1.1,2.5
9/19/2021,7,72,0.001219712,6.18E-05,0.004565217,0.577612903,4,1.06,2.2
9/26/2021,7,72,0.001211526,6.22E-05,0.003043478,0.620290323,4,1.33,2
10/3/2021,6.8,70,0.001047806,7.66E-05,0.003043478,0.685774194,4,1.21,0.9
10/10/2021,6.9,69,0.001186968,5.33E-05,0.003043478,0.509870968,4,1.1,2.4
10/17/2021,6.8,70,0.00120334,3.54E-05,0.003043478,0.473967742,4,1.1,2.8
10/24/2021,6.8,68,0.00124427,8.94E-05,0.003043478,0.494290323,4,1.15,2
10/31/2021,6.9,68,0.001252456,7.35E-05,0.003043478,0.53583871,4,1.15,1.5
11/7/2021,6.7,67,0.001113294,5.17E-05,0.003043478,0.561806452,4,1.62,1.8
11/14/2021,6.9,66,0.001047806,2.67E-04,0.003043478,0.585741935,4,2.54,1.7
11/21/2021,6.8,66,0.001023248,4.28E-05,0.005173913,1.323903226,4,1.06,1.6
11/28/2021,6.9,62,0.00103962,5.83E-05,0.003043478,0.586419355,4.1,1.91,1.4
12/5/2021,6.8,62,0.000794041,3.09E-04,0.070913043,1.759709677,4,19.4,1.7
12/12/2021,6.7,63,0.000949574,4.55E-05,0.004869565,1.45283871,4,1.34,1.8
12/19/2021,6.7,64,0.00103962,3.62E-05,0.003043478,0.998516129,4,1.27,1.5
12/26/2021,6.9,60,0.001195154,4.36E-05,0.003043478,0.567451613,4,,1.5
1/2/2022,6.8,60,0.001309758,5.02E-05,0.003043478,0.075306452,4,0.85,2.2
1/9/2022,6.8,60,0.001170596,9.72E-05,0.003043478,0.258435484,4,1.32,3.3
1/16/2022,7.1,59,0.001096922,1.07E-04,0.003043478,0.406903226,4,1.18,5
1/23/2022,7.1,60,0.00095776,6.26E-05,0.003043478,0.470129032,4,1.31,4.9
1/30/2022,7.1,59,0.000671251,4.08E-05,0.003043478,1.798548387,4,3.21,5.6
2/6/2022,7.2,61,0.001375246,1.35E-03,0,1.002129032,8.4,1.25,5
2/13/2022,7.3,61,0.000933202,1.24E-04,0.007,0.486387097,4,1.13,1.7
2/20/2022,7.2,61,0.000933202,7.12E-05,0.003043478,0.873419355,4,1.56,1.2
2/27/2022,7.3,61,,1.59E-04,0.006695652,0.498806452,4,1.54,2.7
3/6/2022,7.5,61,0.001006876,2.29E-04,0.012173913,0.422935484,4,1.3,2.7
3/13/2022,7.3,61,0.000343811,1.37E-04,0.007913043,0.375064516,4,0.99,1.2
3/20/2022,7.1,61,0.001064178,8.83E-05,0.003043478,0.303822581,4,1.79,0.7
3/27/2022,7.1,62,0.000982318,4.71E-04,0.025869565,1.135806452,4,1.51,1.8
4/3/2022,7,62,0.001195154,2.33E-04,0.003043478,0.445290323,4,1.29,2.2
4/10/2022,7,64,0.000949574,2.36E-04,0.003043478,0.332387097,4,1.61,2.1
4/17/2022,7.2,65,0.000965946,4.46E-04,0.003043478,0.328096774,4,0.86,2.6
4/24/2022,7,64,0.000605763,5.02E-05,0.003043478,0.373822581,4,1.16,2.4
5/1/2022,7.1,64,0.000605763,4.20E-05,0.030434783,0.791,4,1.33,2.2
5/8/2022,7.1,66,0.000589391,3.11E-05,0.003043478,0.616451613,4,0.97,2.1
5/15/2022,7.1,64,0.001277014,3.93E-05,0.003043478,0.452967742,4,0.88,1.7
5/22/2022,7.1,68,0.00091683,2.33E-05,0.003043478,0.350677419,4,0.86,1.9
5/29/2022,7.1,68,,3.34E-05,0.003043478,0.387258065,4,0.84,2.1
6/5/2022,7,70,,3.93E-05,0.003043478,0.492032258,4,1.18,3.4
6/12/2022,6.9,70,0.000884086,3.62E-05,0.003043478,0.520032258,4,1.27,3.6
6/19/2022,7.1,71,0.000884086,3.23E-05,0.003043478,0.510774194,4,1.12,5.2
6/26/2022,7,70,0.00108055,1.98E-05,0.003043478,0.632483871,4,1.34,4.3
7/3/2022,7.1,72,0.001031434,4.71E-05,0.003043478,0.485032258,4,1.11,3.7
7/10/2022,7,73,0.001309758,3.23E-05,0.003043478,0.59816129,4,1.14,3.3
7/17/2022,7,75,,3.81E-05,0.003043478,0.728677419,4,1.22,3.2
7/24/2022,7.1,77,0.00140799,2.45E-05,0.003043478,0.54216129,4,1.39,3.9
7/31/2022,7.1,76,0.001293386,7.89E-05,0.003043478,0.453870968,4,1.8,2.6
8/7/2022,7.5,76,0.001252456,3.93E-04,0.003043478,0.398548387,4,0.74,2.3
8/14/2022,6.9,75,0.001260642,2.45E-05,0.003043478,0.446645161,4,0.93,1.2
8/21/2022,7.2,74,0.001702685,5.17E-05,0.003043478,0.272322581,4,0.84,2.2
8/28/2022,7.2,75,0.001440733,1.47E-04,0.003043478,0.211919355,4,2.21,2.5
9/4/2022,7.1,73,0.00136706,7.16E-04,0.008826087,0.491467742,4,0.95,2
9/11/2022,6.9,73,0.001015062,9.88E-05,0.003043478,0.432193548,4,0.86,1.9
9/18/2022,6.9,72,0.00091683,5.33E-05,0.003043478,0.40216129,4,0.86,1.8
9/25/2022,6.9,72,0.001015062,5.60E-05,0.003043478,0.489548387,4,0.8,1.5
10/2/2022,7,71,0.000884086,3.69E-05,0.003043478,0.414016129,4,0.98,1.7
10/9/2022,7,70,0.000965946,4.51E-05,0.003043478,0.534258065,4.9,1.01,2.3
10/16/2022,7,70,0.00099869,4.43E-05,0.003043478,0.481645161,4,0.88,2.1
10/23/2022,6.9,69,,3.73E-05,0.003043478,0.488193548,4,1,2
10/30/2022,7,70,0.000851343,4.28E-05,0.003043478,0.394596774,4,0.86,1
11/6/2022,6.7,70,0.000965946,8.21E-05,0.003043478,0.349774194,4,1.17,1.1
11/13/2022,7,70,0.000818599,3.81E-04,0.012173913,0.249290323,4.7,0.93,1.2
11/20/2022,7.3,67,,1.89E-04,0.024956522,0.289145161,4,0.8,1.8
11/27/2022,7.3,64,,7.04E-05,0.003043478,0.089983871,5,1.59,3.1
12/4/2022,7.1,65,0.000933202,5.34E-04,0.034086957,0.598612903,4,1.56,1.7
12/11/2022,7.3,66,0.000728553,2.80E-04,0.031652174,0.225467742,4,1.5,2
12/18/2022,7.1,64,0.000229208,4.63E-05,0.003043478,0.891709677,4,0.65,1.4
12/25/2022,7.2,61,0.000736739,2.14E-05,0.003043478,0.396290323,4,0.61,1.2
1/1/2023,7.1,61,0.000834971,2.10E-05,0.003043478,1.099677419,4,1.25,1.6
1/8/2023,7,59,0.000834971,2.99E-05,0.003043478,1.126548387,4,0.86,2
1/15/2023,7.1,60,0.001227898,1.57E-04,0.008217391,1.497774194,4,0.69,2.2
1/22/2023,7.1,62,0.000654879,2.37E-04,0.049304348,1.250967742,4,1.47,2.3
1/29/2023,7.1,61,0.000802227,3.73E-04,0.020086957,0.620967742,4,1.59,2.2
2/5/2023,7,62,0.000802227,1.54E-04,0.017652174,0.608548387,4,1.25,2.5
2/12/2023,7,63,0.001031434,2.29E-04,0.020391304,0.381612903,4,1.27,1.5
2/19/2023,7.2,62,0.001064178,9.64E-05,0.017043478,0.342774194,4,1.05,1.7
2/26/2023,7.1,62,,1.90E-04,0.02526087,0.379467742,4,1.28,1.4
3/5/2023,7,62,0.00103962,8.38E-04,0.024347826,0.390193548,4,1.86,1.9
3/12/2023,6.9,60,,2.80E-05,0.003043478,0.355645161,4,0.87,1.9
3/19/2023,7,61,0.000802227,1.66E-03,0.024347826,1.547225806,4,3.46,1.6
3/26/2023,7.1,63,0.001129666,1.55E-03,0.033173913,0.342096774,4.4,2.7,2.2
4/2/2023,7,64,0.000900458,1.46E-04,0.003043478,0.66816129,4,1.2,1.9
4/9/2023,6.8,65,0.000933202,5.31E-04,0.003043478,0.445741935,4,1.27,2
4/16/2023,7.1,67,,3.34E-04,0.003043478,0.366483871,4,1.26,1.8
4/23/2023,6.7,65,0.000785855,5.56E-05,0.003043478,0.254709677,4,0.76,2.5
4/30/2023,6.9,66,0.000892272,6.73E-05,0.003043478,0.244096774,4,1.03,2
5/7/2023,6.8,65,0.000556647,4.43E-05,0.003043478,0.124193548,4,0.82,1.6
5/14/2023,6.8,66,0.000802227,3.93E-05,0.003043478,0.406225806,4,0.7,1.6
5/21/2023,6.7,66,0.000949574,2.10E-05,0.003043478,0.521612903,4,0.72,2.2
5/28/2023,6.8,68,0.000523903,6.30E-05,0.003043478,0.729693548,4,0.91,3.8
6/4/2023,6.8,66,0.000900458,2.80E-05,0.003043478,0.721677419,4,1.06,8.2
6/11/2023,6.7,67,0.000900458,5.17E-05,0.003043478,0.651903226,4,1.38,7.3
6/18/2023,6.9,69,0.000818599,3.85E-05,0.022521739,0.477016129,4,1.17,6.3
6/25/2023,6.8,72,0.000769483,7.16E-05,0.003043478,0.629209677,4,1.05,6.7
7/2/2023,6.7,73,0.000687623,2.84E-05,0.003043478,0.750806452,4,1.09,5.9
7/9/2023,6.8,74,0.000654879,2.10E-05,0.003043478,0.772032258,4,0.92,6
7/16/2023,6.8,72,0.000785855,3.03E-05,0.003043478,0.770225806,4,1.11,4.5
7/23/2023,6.7,74,0.000949574,2.33E-05,0.003043478,0.590483871,4,0.82,6.9
7/30/2023,6.8,71,0.000982318,2.72E-05,0.003043478,0.646935484,4.2,1.03,1.7
8/6/2023,6.8,73,0.000785855,1.94E-05,0.003043478,0.775870968,4,0.54,1.7
8/13/2023,7,70,0.000507531,2.06E-05,0.003043478,0.526806452,4,0.72,2.5
8/20/2023,7,70,0.000900458,1.21E-04,0.003043478,0.772935484,4,0.99,1.6
8/27/2023,6.7,72,0.000622135,9.27E-04,0.003043478,1.341967742,4,1.98,2
9/3/2023,7.2,75,0.001047806,2.09E-04,0.00426087,0.323806452,4,1.24,1.6
9/10/2023,7.5,70,0.000769483,9.64E-05,0.003043478,0.512354839,4,0.33,2.5
9/17/2023,6.9,73,0.000638507,1.31E-04,0.003043478,0.476677419,4,0.63,1.7
9/24/2023,7,69,0.001375246,4.25E-04,0.003043478,0.418193548,4,0.94,1.6
10/1/2023,6.8,71,0.000851343,2.36E-04,0.003043478,0.438629032,4,0.36,2.1
10/8/2023,6.7,70,,4.94E-05,0.003043478,0.533580645,4,0.95,2
10/15/2023,7,67,0.000458415,2.45E-05,0.003043478,0.452064516,4,0.82,1.9
10/22/2023,6.7,69,,1.98E-05,0.003043478,0.483903226,4,0.88,1.8
10/29/2023,7.4,69,0.002357564,7.58E-05,0.003043478,0.348870968,4,1,1.5
11/5/2023,7,67,0.001170596,1.72E-04,0.020086957,0.37416129,4,1.14,1.9
11/12/2023,7.3,67,0.001064178,5.52E-05,0.008826087,0.395387097,4,0.95,1.6
11/19/2023,7.1,64,0.001146038,2.18E-05,0.003043478,0.215532258,4,0.52,1.1
11/26/2023,6.8,64,0.00132613,7.77E-04,0.049,0.733419355,4,1.9,2
12/3/2023,6.9,66,0.000908644,8.87E-05,0.003043478,1.293870968,4,1.45,1.8
12/10/2023,6.8,64,0.00091683,3.11E-05,0.004869565,0.616677419,4,0.91,2.4
12/17/2023,6.7,61,0.000753111,2.88E-05,0.003043478,0.389064516,4,0.82,2.3
12/24/2023,6.8,60,0.001064178,2.14E-05,0.003043478,1.065580645,4.1,0.93,2.7
1/7/2024,6.7,59,0.000720367,3.54E-05,0.003043478,1.429129032,4,1.06,2.2
1/14/2024,6.6,58,0.000785855,8.98E-05,0.003043478,1.560322581,4,1.35,2.3
1/21/2024,6.5,59,0.000687623,5.07E-04,0.005782609,1.666,4,2.52,2.2
1/28/2024,6.7,63,0.001064178,3.78E-04,0.029217391,1.722,4,2.08,2.2
2/4/2024,6.3,61,0.000785855,6.57E-04,0.025869565,1.366580645,4.2,2.11,2
2/11/2024,6.9,61,0.001227898,2.93E-04,0.006086957,0.509645161,4,1.46,1.6
2/18/2024,6.8,61,0.001277014,1.48E-04,0.040478261,0.859193548,4,1.61,1.5
2/25/2024,7.2,60,0.002128356,1.89E-04,0.012478261,0.619387097,4,1.41,2.1
3/3/2024,6.8,62,0.001178782,1.04E-04,0.032869565,0.29016129,4,1.09,2.1
3/10/2024,6.6,63,0.00091683,1.30E-04,0.045043478,0.338935484,4.1,1.24,2.8
3/17/2024,6.7,58,0.001064178,2.14E-05,0.003043478,0.519806452,4,0.83,2.4
3/24/2024,6.7,61,0.001113294,7.56E-04,0.126913043,0.697516129,4,1.57,2.9
3/31/2024,6.6,61,0.000949574,6.33E-04,0.06726087,0.24816129,4.6,1.88,3.2
4/7/2024,6.5,62,0.001686313,6.78E-04,0.013086957,0.268370968,4,1.23,2.4
4/14/2024,6.6,63,0.001113294,4.00E-04,0.004565217,0.275935484,4,1.28,2.5
4/21/2024,6.6,64,0.000769483,3.15E-04,0.003347826,0.231677419,4,1.27,2.4
4/28/2024,6.6,65,0.001064178,3.53E-04,0.009130435,0.200741935,4,1.31,2.5
5/5/2024,6.6,66,0.00091683,6.34E-05,0.003043478,0.233822581,4,0.96,2.1
5/12/2024,6.8,65,0.000908644,1.11E-04,0.003043478,0.169806452,3.6,1.19,2.4
5/19/2024,6.7,65,0.000867714,5.68E-05,0.003043478,0.239241935,4,0.72,2.7
5/26/2024,7.5,64,0.00132613,3.46E-05,0.003043478,0.443483871,4,1.1,2.3
6/2/2024,6.8,68,0.00108055,3.46E-05,0.003043478,0.512016129,4,0.73,4.6
6/9/2024,6.8,69,0.001178782,3.89E-05,0.003043478,0.452290323,4,0.81,5.8
6/16/2024,6.9,67,0.001277014,5.95E-05,0.003043478,0.383193548,4,1.39,5.4
6/23/2024,6.7,63,0.00132613,5.83E-05,0.003043478,0.454096774,4,1.19,3.5
6/30/2024,6.9,73,0.001211526,8.56E-06,,0.55683871,4,1.56,4
7/7/2024,6.8,65,0.00091683,9.33E-06,,0.705645161,,1.5,3.9
7/14/2024,6.7,73,,1.09E-05,,0.704516129,,1.18,6
7/21/2024,,,,,,,,1.21,
7/28/2024,,,,,,,,,
8/4/2024,,,,,,,,,
8/11/2024,,,,,,,,,
8/18/2024,,,,,,,,,
8/25/2024,,,,,,,,,
9/1/2024,,,,,,,,,
9/8/2024,,,,,,,,,
9/15/2024,,,,,,,,,
9/22/2024,,,,,,,,,
9/29/2024,,,,,,,,,
10/6/2024,,,,,,,,,
10/13/2024,,,,,,,,,
10/20/2024,,,,,,,,,
10/27/2024,,,,,,,,,
11/3/2024,,,,,,,,,
11/10/2024,,,,,,,,,
11/17/2024,,,,,,,,,
11/24/2024,,,,,,,,,
12/1/2024,,,,,,,,,
12/8/2024,,,,,,,,,
12/15/2024,,,,,,,,,
12/22/2024,,,,,,,,,
12/29/2024,,,,,,,,,
